"","BarbareaLLL","BerteroaLLL"
"BarbareaMMM",65.3549019607843,53.5036363636364
"BerteroaMMM",66.724358974359,50.3769230769231
